Heparin_RT,Heparin_pB_buffer,BVP_high,poly_D_lysine,AUCt
15.7,9.9,0.0643,3.482080021,739.34
7.45,5.5,0.0611,1.99,1003.3
20.1,11.75547214,0.0751,3.85,272.12
13.1,8.4,0.0668,3.11,752.3
5.85,4.9,0.0773,2.45,718.47
5.08,4.4,0.0612,2.09,869.345
9.18,6.3,0.0632,1.26,565.019
12.1,7.8,0.0687,2.54,469.068
9.96,6.7,0.0641,2.8,826.56
10.4,6.9,0.06703065,2.03,819.42
3.27,3.230028133,0.0617,1.33,1240.5
